{
  "group": [
    "London",
    "Scotland",
    "East of England",
    "Midlands",
    "North East and Yorkshire",
    "North West",
    "South East",
    "South West"
  ],
  "cases": [
    11998,
    1330,
    5933,
    4125,
    2647,
    2260,
    6978,
    1446
  ],
  "coverage": [
    0.614988284742989,
    0.614988284742989,
    0.614988284742989,
    0.614988284742989,
    0.614988284742989,
    0.614988284742989,
    0.614988284742989,
    0.614988284742989
  ],
  "forecast": [
    8364.14285714286,
    769.841419998556,
    497.699242085218,
    717.618508264422,
    991.906094830483,
    380.035179434344,
    777.445221319795,
    934.705231105909
  ],
  "risk": [
    2,
    1,
    4,
    1,
    4,
    3,
    2,
    4
  ],
  "rt": [
    1.24832562419058,
    1.11637169891037,
    2.72462336998433,
    2.69516905490309,
    1.98239337746054,
    0.185358811402693,
    0.529670257586986,
    1.15231115464121
  ],
  "sentiment": [
    2.09090909090909,
    4,
    -1,
    3,
    -5,
    0,
    1,
    -4
  ]
}
